{
  "best_model": "Random Forest",
  "training_date": "2026-03-05T11:15:19.817185",
  "dataset_size": 650,
  "num_features": 5,
  "models_performance": {
    "Random Forest": {
      "accuracy": 0.9230769230769231,
      "precision": 0.9484536082474226,
      "recall": 0.9484536082474226,
      "f1_score": 0.9484536082474226,
      "roc_auc": 0.9784442361761949,
      "confusion_matrix": [
        [
          28,
          5
        ],
        [
          5,
          92
        ]
      ]
    },
    "Gradient Boosting": {
      "accuracy": 0.9,
      "precision": 0.92,
      "recall": 0.9484536082474226,
      "f1_score": 0.934010152284264,
      "roc_auc": 0.97125898156826,
      "confusion_matrix": [
        [
          25,
          8
        ],
        [
          5,
          92
        ]
      ]
    },
    "Logistic Regression": {
      "accuracy": 0.7923076923076923,
      "precision": 0.8125,
      "recall": 0.9381443298969072,
      "f1_score": 0.8708133971291866,
      "roc_auc": 0.8125585754451733,
      "confusion_matrix": [
        [
          12,
          21
        ],
        [
          6,
          91
        ]
      ]
    }
  }
}