{
  "training_date": "2026-03-05T10:18:46.127100",
  "dataset_size": 600,
  "train_size": 480,
  "test_size": 120,
  "num_features": 35,
  "best_model": "Logistic Regression",
  "models_performance": {
    "Random Forest": {
      "accuracy": 0.8083333333333333,
      "precision": 0.7927927927927928,
      "recall": 1.0,
      "f1_score": 0.8844221105527639,
      "roc_auc": 0.9453125,
      "confusion_matrix": [
        [
          9,
          23
        ],
        [
          0,
          88
        ]
      ]
    },
    "Gradient Boosting": {
      "accuracy": 0.7416666666666667,
      "precision": 0.8433734939759037,
      "recall": 0.7954545454545454,
      "f1_score": 0.8187134502923976,
      "roc_auc": 0.79296875,
      "confusion_matrix": [
        [
          19,
          13
        ],
        [
          18,
          70
        ]
      ]
    },
    "Logistic Regression": {
      "accuracy": 0.8416666666666667,
      "precision": 0.8631578947368421,
      "recall": 0.9318181818181818,
      "f1_score": 0.8961748633879781,
      "roc_auc": 0.9204545454545455,
      "confusion_matrix": [
        [
          19,
          13
        ],
        [
          6,
          82
        ]
      ]
    }
  }
}